,Total RECODE2,,,,,,,,,BABS,,,,,,,,,HS,,,,,,,,,HSINC,,,,,,,,,,,,,,,,,,,,,,,,,,,,
,Total,,,Part Time,,,Full Time,,,Total,,,Part Time,,,Full Time,,,Total,,,Part Time,,,Full Time,,,Total,,,Part Time,,,Full Time,,,,,,,,,,,,,,,,,,,,,,
null,Total,Male,Female,Total,Male,Female,Total,Male,Female,Total,Male,Female,Total,Male,Female,Total,Male,Female,Total,Male,Female,Total,Male,Female,Total,Male,Female,Total,Male,Female,Total,Male,Female,Total,Male,Female,null,null,null,null,null,null,null,null,null,null,null,null,null,null,null,null,null,null,null,null
Total GEOG-101,1292283,700573,591710,211865,74138,137727,1080418,626435,453983,552019,278808,273211,69599,22943,46656,482420,255865,226555,583654,319615,264039,112814,38975,73839,470840,280640,190200,156610,102150,54460,29452,12220,17232,127158,89930,37228,null,null,null,null,null,null,null,null,null,null,null,null,null,null,null,null,null,null,null,null
"St. Lawrence County PUMA, New York",1491,365,1126,157,157,0,1334,208,1126,953,160,793,0,0,0,953,160,793,490,157,333,157,157,0,333,0,333,48,48,0,0,0,0,48,48,0,null,null,null,null,null,null,null,null,null,null,null,null,null,null,null,null,null,null,null,null
"Clinton, Franklin, Essex & Hamilton Counties PUMA; New York",1143,424,719,391,0,391,752,424,328,760,252,508,320,0,320,440,252,188,244,127,117,24,0,24,220,127,93,139,45,94,47,0,47,92,45,47,null,null,null,null,null,null,null,null,null,null,null,null,null,null,null,null,null,null,null,null
"Warren & Washington Counties PUMA, New York",810,374,436,172,27,145,638,347,291,381,208,173,0,0,0,381,208,173,365,102,263,172,27,145,193,75,118,64,64,0,0,0,0,64,64,0,null,null,null,null,null,null,null,null,null,null,null,null,null,null,null,null,null,null,null,null
"Herkimer (North & Central) & Oneida (Outer) Counties PUMA, New York",403,280,123,56,56,0,347,224,123,170,170,0,0,0,0,170,170,0,177,54,123,0,0,0,177,54,123,56,56,0,56,56,0,0,0,0,null,null,null,null,null,null,null,null,null,null,null,null,null,null,null,null,null,null,null,null
"Oneida County (Central)--Greater Utica & Rome Cities PUMA, New York",5153,2895,2258,1620,889,731,3533,2006,1527,1580,792,788,541,204,337,1039,588,451,2752,1579,1173,994,600,394,1758,979,779,821,524,297,85,85,0,736,439,297,null,null,null,null,null,null,null,null,null,null,null,null,null,null,null,null,null,null,null,null
"Otsego, Schoharie, Oneida (South) & Herkimer (South) Counties PUMA; New York",609,277,332,151,50,101,458,227,231,303,133,170,108,50,58,195,83,112,90,36,54,43,0,43,47,36,11,216,108,108,0,0,0,216,108,108,null,null,null,null,null,null,null,null,null,null,null,null,null,null,null,null,null,null,null,null
"Jefferson & Lewis Counties PUMA, New York",979,652,327,556,392,164,423,260,163,368,260,108,108,0,108,260,260,0,585,392,193,422,392,30,163,0,163,26,0,26,26,0,26,0,0,0,null,null,null,null,null,null,null,null,null,null,null,null,null,null,null,null,null,null,null,null
"Oswego County PUMA, New York",953,486,467,184,63,121,769,423,346,500,33,467,121,0,121,379,33,346,453,453,0,63,63,0,390,390,0,0,0,0,0,0,0,0,0,0,null,null,null,null,null,null,null,null,null,null,null,null,null,null,null,null,null,null,null,null
"Onondaga County (Central)--Syracuse City PUMA, New York",4424,2757,1667,884,461,423,3540,2296,1244,2249,1357,892,613,240,373,1636,1117,519,1480,937,543,146,96,50,1334,841,493,695,463,232,125,125,0,570,338,232,null,null,null,null,null,null,null,null,null,null,null,null,null,null,null,null,null,null,null,null
"Onondaga County (North) PUMA, New York",2687,1094,1593,568,113,455,2119,981,1138,1468,575,893,0,0,0,1468,575,893,1155,455,700,568,113,455,587,342,245,64,64,0,0,0,0,64,64,0,null,null,null,null,null,null,null,null,null,null,null,null,null,null,null,null,null,null,null,null
"Onondaga County (Central)--Syracuse City (Outer) PUMA, New York",2367,1482,885,504,407,97,1863,1075,788,1633,929,704,504,407,97,1129,522,607,591,482,109,0,0,0,591,482,109,143,71,72,0,0,0,143,71,72,null,null,null,null,null,null,null,null,null,null,null,null,null,null,null,null,null,null,null,null
"Cayuga & Onondaga (South) Counties PUMA, New York",281,253,28,137,109,28,144,144,0,103,103,0,0,0,0,103,103,0,178,150,28,137,109,28,41,41,0,0,0,0,0,0,0,0,0,0,null,null,null,null,null,null,null,null,null,null,null,null,null,null,null,null,null,null,null,null
"Wayne & Seneca Counties PUMA, New York",1237,708,529,476,96,380,761,612,149,788,708,80,96,96,0,692,612,80,376,0,376,307,0,307,69,0,69,73,0,73,73,0,73,0,0,0,null,null,null,null,null,null,null,null,null,null,null,null,null,null,null,null,null,null,null,null
"Monroe County (East) PUMA, New York",3104,1439,1665,318,0,318,2786,1439,1347,1040,487,553,0,0,0,1040,487,553,1617,737,880,86,0,86,1531,737,794,447,215,232,232,0,232,215,215,0,null,null,null,null,null,null,null,null,null,null,null,null,null,null,null,null,null,null,null,null
"Monroe County (Central)--Rochester City (East) PUMA, New York",2175,800,1375,662,122,540,1513,678,835,401,51,350,83,0,83,318,51,267,1210,405,805,459,68,391,751,337,414,564,344,220,120,54,66,444,290,154,null,null,null,null,null,null,null,null,null,null,null,null,null,null,null,null,null,null,null,null
"Monroe County (Central)--Rochester City (West) PUMA, New York",2532,1615,917,413,211,202,2119,1404,715,603,374,229,258,148,110,345,226,119,1805,1117,688,92,0,92,1713,1117,596,124,124,0,63,63,0,61,61,0,null,null,null,null,null,null,null,null,null,null,null,null,null,null,null,null,null,null,null,null
"Monroe County (Central)--Greece & Gates Towns PUMA, New York",3533,2026,1507,1228,1001,227,2305,1025,1280,1136,961,175,610,512,98,526,449,77,2025,822,1203,399,399,0,1626,423,1203,372,243,129,219,90,129,153,153,0,null,null,null,null,null,null,null,null,null,null,null,null,null,null,null,null,null,null,null,null
"Monroe County (North & West) PUMA, New York",750,231,519,0,0,0,750,231,519,324,0,324,0,0,0,324,0,324,426,231,195,0,0,0,426,231,195,0,0,0,0,0,0,0,0,0,null,null,null,null,null,null,null,null,null,null,null,null,null,null,null,null,null,null,null,null
"Monroe County (South) PUMA, New York",5568,3143,2425,517,257,260,5051,2886,2165,4005,2180,1825,517,257,260,3488,1923,1565,1287,963,324,0,0,0,1287,963,324,276,0,276,0,0,0,276,0,276,null,null,null,null,null,null,null,null,null,null,null,null,null,null,null,null,null,null,null,null
"Genesee & Orleans Counties PUMA, New York",386,129,257,78,0,78,308,129,179,41,14,27,0,0,0,41,14,27,252,54,198,46,0,46,206,54,152,93,61,32,32,0,32,61,61,0,null,null,null,null,null,null,null,null,null,null,null,null,null,null,null,null,null,null,null,null
"Niagara County (Southwest)--Greater Niagara Falls & North Tonawanda Area PUMA, New York",612,310,302,82,82,0,530,228,302,18,0,18,0,0,0,18,0,18,398,266,132,82,82,0,316,184,132,196,44,152,0,0,0,196,44,152,null,null,null,null,null,null,null,null,null,null,null,null,null,null,null,null,null,null,null,null
"Niagara County (North & East) PUMA, New York",332,125,207,88,0,88,244,125,119,0,0,0,0,0,0,0,0,0,88,0,88,88,0,88,0,0,0,244,125,119,0,0,0,244,125,119,null,null,null,null,null,null,null,null,null,null,null,null,null,null,null,null,null,null,null,null
"Erie County (Northwest) PUMA, New York",1976,1224,752,201,0,201,1775,1224,551,541,313,228,134,0,134,407,313,94,1298,911,387,0,0,0,1298,911,387,137,0,137,67,0,67,70,0,70,null,null,null,null,null,null,null,null,null,null,null,null,null,null,null,null,null,null,null,null
"Erie County (North Central) PUMA, New York",3584,1610,1974,563,157,406,3021,1453,1568,2737,1472,1265,157,157,0,2580,1315,1265,346,138,208,102,0,102,244,138,106,501,0,501,304,0,304,197,0,197,null,null,null,null,null,null,null,null,null,null,null,null,null,null,null,null,null,null,null,null
"Erie County (Northeast) PUMA, New York",786,423,363,274,0,274,512,423,89,403,272,131,42,0,42,361,272,89,383,151,232,232,0,232,151,151,0,0,0,0,0,0,0,0,0,0,null,null,null,null,null,null,null,null,null,null,null,null,null,null,null,null,null,null,null,null
"Erie County (Central) PUMA, New York",2896,1624,1272,525,326,199,2371,1298,1073,1079,515,564,180,90,90,899,425,474,1513,935,578,168,124,44,1345,811,534,304,174,130,177,112,65,127,62,65,null,null,null,null,null,null,null,null,null,null,null,null,null,null,null,null,null,null,null,null
"Erie County (West Central)--Buffalo City (East) PUMA, New York",883,520,363,212,52,160,671,468,203,286,53,233,160,0,160,126,53,73,469,421,48,52,52,0,417,369,48,128,46,82,0,0,0,128,46,82,null,null,null,null,null,null,null,null,null,null,null,null,null,null,null,null,null,null,null,null
"Erie County (West Central)--Buffalo City (West) PUMA, New York",3631,2109,1522,1439,515,924,2192,1594,598,1604,994,610,553,328,225,1051,666,385,1467,928,539,378,0,378,1089,928,161,560,187,373,508,187,321,52,0,52,null,null,null,null,null,null,null,null,null,null,null,null,null,null,null,null,null,null,null,null
"Erie County (South) PUMA, New York",1055,816,239,145,145,0,910,671,239,606,367,239,145,145,0,461,222,239,449,449,0,0,0,0,449,449,0,0,0,0,0,0,0,0,0,0,null,null,null,null,null,null,null,null,null,null,null,null,null,null,null,null,null,null,null,null
"Livingston & Wyoming Counties PUMA, New York",616,316,300,318,253,65,298,63,235,20,20,0,0,0,0,20,20,0,596,296,300,318,253,65,278,43,235,0,0,0,0,0,0,0,0,0,null,null,null,null,null,null,null,null,null,null,null,null,null,null,null,null,null,null,null,null
"Ontario & Yates Counties PUMA, New York",1163,427,736,103,51,52,1060,376,684,298,177,121,0,0,0,298,177,121,777,250,527,103,51,52,674,199,475,88,0,88,0,0,0,88,0,88,null,null,null,null,null,null,null,null,null,null,null,null,null,null,null,null,null,null,null,null
"Madison & Cortland Counties PUMA, New York",483,230,253,18,18,0,465,212,253,315,191,124,18,18,0,297,173,124,168,39,129,0,0,0,168,39,129,0,0,0,0,0,0,0,0,0,null,null,null,null,null,null,null,null,null,null,null,null,null,null,null,null,null,null,null,null
"Fulton & Montgomery Counties PUMA, New York",523,183,340,94,0,94,429,183,246,302,136,166,47,0,47,255,136,119,221,47,174,47,0,47,174,47,127,0,0,0,0,0,0,0,0,0,null,null,null,null,null,null,null,null,null,null,null,null,null,null,null,null,null,null,null,null
"Schenectady County--Schenectady City PUMA, New York",3211,2184,1027,383,92,291,2828,2092,736,1515,988,527,181,92,89,1334,896,438,1022,608,414,116,0,116,906,608,298,674,588,86,86,0,86,588,588,0,null,null,null,null,null,null,null,null,null,null,null,null,null,null,null,null,null,null,null,null
"Saratoga County (South & Central) PUMA, New York",3076,1155,1921,944,335,609,2132,820,1312,2013,862,1151,335,335,0,1678,527,1151,1063,293,770,609,0,609,454,293,161,0,0,0,0,0,0,0,0,0,null,null,null,null,null,null,null,null,null,null,null,null,null,null,null,null,null,null,null,null
"Saratoga County (Outer) PUMA, New York",711,353,358,187,187,0,524,166,358,358,105,253,105,105,0,253,0,253,353,248,105,82,82,0,271,166,105,0,0,0,0,0,0,0,0,0,null,null,null,null,null,null,null,null,null,null,null,null,null,null,null,null,null,null,null,null
"Rensselaer County--Troy City PUMA, New York",2287,1553,734,468,130,338,1819,1423,396,1227,580,647,468,130,338,759,450,309,697,610,87,0,0,0,697,610,87,363,363,0,0,0,0,363,363,0,null,null,null,null,null,null,null,null,null,null,null,null,null,null,null,null,null,null,null,null
"Albany County (East Central)--Albany City PUMA, New York",1288,531,757,539,234,305,749,297,452,733,412,321,418,234,184,315,178,137,365,50,315,0,0,0,365,50,315,190,69,121,121,0,121,69,69,0,null,null,null,null,null,null,null,null,null,null,null,null,null,null,null,null,null,null,null,null
"Albany County (Outside Albany City) PUMA, New York",5813,3671,2142,1101,0,1101,4712,3671,1041,4248,3008,1240,464,0,464,3784,3008,776,1439,537,902,637,0,637,802,537,265,126,126,0,0,0,0,126,126,0,null,null,null,null,null,null,null,null,null,null,null,null,null,null,null,null,null,null,null,null
"Columbia & Greene Counties PUMA, New York",777,690,87,266,266,0,511,424,87,386,386,0,76,76,0,310,310,0,391,304,87,190,190,0,201,114,87,0,0,0,0,0,0,0,0,0,null,null,null,null,null,null,null,null,null,null,null,null,null,null,null,null,null,null,null,null
"Broome County (West Central)--Greater Binghamton City & Greater Johnson City Village PUMA, New York",2690,1689,1001,445,86,359,2245,1603,642,1785,923,862,359,0,359,1426,923,503,804,665,139,86,86,0,718,579,139,101,101,0,0,0,0,101,101,0,null,null,null,null,null,null,null,null,null,null,null,null,null,null,null,null,null,null,null,null
"Broome (Outer West) & Tioga Counties PUMA, New York",545,442,103,185,185,0,360,257,103,167,167,0,0,0,0,167,167,0,378,275,103,185,185,0,193,90,103,0,0,0,0,0,0,0,0,0,null,null,null,null,null,null,null,null,null,null,null,null,null,null,null,null,null,null,null,null
"Chenango, Delaware & Broome (East) Counties PUMA; New York",805,438,367,91,29,62,714,409,305,631,409,222,0,0,0,631,409,222,174,29,145,91,29,62,83,0,83,0,0,0,0,0,0,0,0,0,null,null,null,null,null,null,null,null,null,null,null,null,null,null,null,null,null,null,null,null
"Tompkins County PUMA, New York",2828,1626,1202,195,162,33,2633,1464,1169,2444,1275,1169,162,162,0,2282,1113,1169,384,351,33,33,0,33,351,351,0,0,0,0,0,0,0,0,0,0,null,null,null,null,null,null,null,null,null,null,null,null,null,null,null,null,null,null,null,null
"Chemung (South) & Steuben (East) Counties--Greater Elmira & Greater Corning Cities PUMA, New York",1331,755,576,170,0,170,1161,755,406,1114,690,424,67,0,67,1047,690,357,217,65,152,103,0,103,114,65,49,0,0,0,0,0,0,0,0,0,null,null,null,null,null,null,null,null,null,null,null,null,null,null,null,null,null,null,null,null
"Steuben (North & West), Schuyler & Chemung (North) Counties PUMA; New York",232,201,31,164,164,0,68,37,31,164,164,0,164,164,0,0,0,0,68,37,31,0,0,0,68,37,31,0,0,0,0,0,0,0,0,0,null,null,null,null,null,null,null,null,null,null,null,null,null,null,null,null,null,null,null,null
"Cattaraugus & Allegany Counties PUMA, New York",402,206,196,44,44,0,358,162,196,350,162,188,0,0,0,350,162,188,52,44,8,44,44,0,8,0,8,0,0,0,0,0,0,0,0,0,null,null,null,null,null,null,null,null,null,null,null,null,null,null,null,null,null,null,null,null
"Chautauqua County PUMA, New York",364,296,68,0,0,0,364,296,68,100,32,68,0,0,0,100,32,68,203,203,0,0,0,0,203,203,0,61,61,0,0,0,0,61,61,0,null,null,null,null,null,null,null,null,null,null,null,null,null,null,null,null,null,null,null,null
"Sullivan & Ulster (West) Counties PUMA, New York",3256,1331,1925,721,334,387,2535,997,1538,1186,480,706,213,213,0,973,267,706,1969,820,1149,438,121,317,1531,699,832,101,31,70,70,0,70,31,31,0,null,null,null,null,null,null,null,null,null,null,null,null,null,null,null,null,null,null,null,null
"Ulster County (East) PUMA, New York",3561,2020,1541,816,113,703,2745,1907,838,1197,491,706,576,0,576,621,491,130,1454,1056,398,240,113,127,1214,943,271,910,473,437,0,0,0,910,473,437,null,null,null,null,null,null,null,null,null,null,null,null,null,null,null,null,null,null,null,null
"Dutchess County (North & East) PUMA, New York",4349,1982,2367,892,283,609,3457,1699,1758,1109,297,812,350,50,300,759,247,512,2456,1129,1327,333,24,309,2123,1105,1018,784,556,228,209,209,0,575,347,228,null,null,null,null,null,null,null,null,null,null,null,null,null,null,null,null,null,null,null,null
"Dutchess County (Southwest) PUMA, New York",7489,4739,2750,1773,1296,477,5716,3443,2273,3895,2034,1861,510,510,0,3385,1524,1861,2782,1980,802,1042,652,390,1740,1328,412,812,725,87,221,134,87,591,591,0,null,null,null,null,null,null,null,null,null,null,null,null,null,null,null,null,null,null,null,null
"Orange County (Northeast)--Greater Newburgh City PUMA, New York",3452,1645,1807,489,95,394,2963,1550,1413,1228,568,660,195,95,100,1033,473,560,1340,408,932,294,0,294,1046,408,638,884,669,215,0,0,0,884,669,215,null,null,null,null,null,null,null,null,null,null,null,null,null,null,null,null,null,null,null,null
"Orange County (Northwest) PUMA, New York",3807,1646,2161,142,0,142,3665,1646,2019,1595,519,1076,0,0,0,1595,519,1076,1991,906,1085,142,0,142,1849,906,943,221,221,0,0,0,0,221,221,0,null,null,null,null,null,null,null,null,null,null,null,null,null,null,null,null,null,null,null,null
"Orange County (Southeast) PUMA, New York",4355,2446,1909,468,221,247,3887,2225,1662,1863,1185,678,79,0,79,1784,1185,599,1881,714,1167,104,0,104,1777,714,1063,611,547,64,285,221,64,326,326,0,null,null,null,null,null,null,null,null,null,null,null,null,null,null,null,null,null,null,null,null
"Rockland County (North)--New City & Congers PUMA, New York",8750,3875,4875,1711,254,1457,7039,3621,3418,3431,1355,2076,1052,0,1052,2379,1355,1024,4217,2017,2200,517,254,263,3700,1763,1937,1102,503,599,142,0,142,960,503,457,null,null,null,null,null,null,null,null,null,null,null,null,null,null,null,null,null,null,null,null
"Rockland County (South)--Orangetown, Clarkstown (South) & Ramapo (Southeast) Towns PUMA; New York",5786,2779,3007,439,0,439,5347,2779,2568,2761,1476,1285,138,0,138,2623,1476,1147,2350,941,1409,301,0,301,2049,941,1108,675,362,313,0,0,0,675,362,313,null,null,null,null,null,null,null,null,null,null,null,null,null,null,null,null,null,null,null,null
"Rockland County (West)--Spring Valley, Suffern Villages & Monsey PUMA; New York",8993,5028,3965,1316,329,987,7677,4699,2978,2517,1651,866,226,0,226,2291,1651,640,5191,2614,2577,856,189,667,4335,2425,1910,1285,763,522,234,140,94,1051,623,428,null,null,null,null,null,null,null,null,null,null,null,null,null,null,null,null,null,null,null,null
"Putnam County PUMA, New York",6188,3191,2997,1408,550,858,4780,2641,2139,2557,913,1644,482,89,393,2075,824,1251,2542,1577,965,751,390,361,1791,1187,604,1089,701,388,175,71,104,914,630,284,null,null,null,null,null,null,null,null,null,null,null,null,null,null,null,null,null,null,null,null
"Westchester County (Northwest) PUMA, New York",11413,5395,6018,2309,761,1548,9104,4634,4470,5367,2449,2918,876,284,592,4491,2165,2326,5315,2405,2910,1289,477,812,4026,1928,2098,731,541,190,144,0,144,587,541,46,null,null,null,null,null,null,null,null,null,null,null,null,null,null,null,null,null,null,null,null
"Westchester County (Northeast) PUMA, New York",8374,4131,4243,764,77,687,7610,4054,3556,4237,1759,2478,224,0,224,4013,1759,2254,2872,1107,1765,540,77,463,2332,1030,1302,1265,1265,0,0,0,0,1265,1265,0,null,null,null,null,null,null,null,null,null,null,null,null,null,null,null,null,null,null,null,null
"Westchester County (Southeast) PUMA, New York",15658,9828,5830,2161,728,1433,13497,9100,4397,6799,4408,2391,245,0,245,6554,4408,2146,6493,3586,2907,1578,599,979,4915,2987,1928,2366,1834,532,338,129,209,2028,1705,323,null,null,null,null,null,null,null,null,null,null,null,null,null,null,null,null,null,null,null,null
"Westchester County (Central)--White Plains City PUMA, New York",13510,7692,5818,1877,885,992,11633,6807,4826,7664,3686,3978,899,482,417,6765,3204,3561,4358,2832,1526,912,337,575,3446,2495,951,1488,1174,314,66,66,0,1422,1108,314,null,null,null,null,null,null,null,null,null,null,null,null,null,null,null,null,null,null,null,null
"Westchester County (Southwest)--Yonkers City PUMA, New York",18931,10437,8494,3607,1573,2034,15324,8864,6460,8169,3479,4690,1144,0,1144,7025,3479,3546,8267,5058,3209,1732,994,738,6535,4064,2471,2495,1900,595,731,579,152,1764,1321,443,null,null,null,null,null,null,null,null,null,null,null,null,null,null,null,null,null,null,null,null
"Westchester County (South Central)--New Rochelle & Mount Vernon Cities PUMA, New York",15488,8074,7414,2895,499,2396,12593,7575,5018,4420,2037,2383,853,223,630,3567,1814,1753,9047,4984,4063,1898,276,1622,7149,4708,2441,2021,1053,968,144,0,144,1877,1053,824,null,null,null,null,null,null,null,null,null,null,null,null,null,null,null,null,null,null,null,null
"Nassau County (Northwest)--North Hempstead Town (North) PUMA, New York",10071,5717,4354,1339,284,1055,8732,5433,3299,5923,2669,3254,789,141,648,5134,2528,2606,4022,3010,1012,550,143,407,3472,2867,605,126,38,88,0,0,0,126,38,88,null,null,null,null,null,null,null,null,null,null,null,null,null,null,null,null,null,null,null,null
"Nassau County (Northeast)--Oyster Bay Town (North) & Glen Cove City PUMA, New York",8919,4849,4070,1047,377,670,7872,4472,3400,4682,2240,2442,348,87,261,4334,2153,2181,1865,936,929,93,0,93,1772,936,836,2372,1673,699,606,290,316,1766,1383,383,null,null,null,null,null,null,null,null,null,null,null,null,null,null,null,null,null,null,null,null
"Nassau County (East Central)--Oyster Bay Town (Central) PUMA, New York",9376,5712,3664,1347,141,1206,8029,5571,2458,5670,3412,2258,760,141,619,4910,3271,1639,2277,1202,1075,541,0,541,1736,1202,534,1429,1098,331,46,0,46,1383,1098,285,null,null,null,null,null,null,null,null,null,null,null,null,null,null,null,null,null,null,null,null
"Nassau County (West Central)--North Hempstead Town (South) PUMA, New York",14495,7282,7213,1172,544,628,13323,6738,6585,8949,4622,4327,661,382,279,8288,4240,4048,4140,1650,2490,317,68,249,3823,1582,2241,1406,1010,396,194,94,100,1212,916,296,null,null,null,null,null,null,null,null,null,null,null,null,null,null,null,null,null,null,null,null
"Nassau County (West Central)--Hempstead Town (Northwest) PUMA, New York",11752,6881,4871,2059,453,1606,9693,6428,3265,4978,2903,2075,537,58,479,4441,2845,1596,5657,3211,2446,1335,395,940,4322,2816,1506,1117,767,350,187,0,187,930,767,163,null,null,null,null,null,null,null,null,null,null,null,null,null,null,null,null,null,null,null,null
"Nassau County (Central)--Hempstead Town (North Central)--Meadowbrook Corridor PUMA, New York",8244,5074,3170,1393,696,697,6851,4378,2473,1582,705,877,79,0,79,1503,705,798,4006,2072,1934,822,204,618,3184,1868,1316,2656,2297,359,492,492,0,2164,1805,359,null,null,null,null,null,null,null,null,null,null,null,null,null,null,null,null,null,null,null,null
"Nassau County (Central)--Hempstead Town (Northeast) PUMA, New York",8551,4616,3935,817,263,554,7734,4353,3381,2786,1348,1438,230,73,157,2556,1275,1281,4663,2736,1927,185,0,185,4478,2736,1742,1102,532,570,402,190,212,700,342,358,null,null,null,null,null,null,null,null,null,null,null,null,null,null,null,null,null,null,null,null
"Nassau County (Southeast)--Oyster Bay Town (South) PUMA, New York",3714,1702,2012,582,79,503,3132,1623,1509,692,315,377,107,0,107,585,315,270,2921,1387,1534,475,79,396,2446,1308,1138,101,0,101,0,0,0,101,0,101,null,null,null,null,null,null,null,null,null,null,null,null,null,null,null,null,null,null,null,null
"Nassau County (Central)--Hempstead Town (East Central) PUMA, New York",2851,1352,1499,351,0,351,2500,1352,1148,1068,613,455,114,0,114,954,613,341,1201,677,524,237,0,237,964,677,287,582,62,520,0,0,0,582,62,520,null,null,null,null,null,null,null,null,null,null,null,null,null,null,null,null,null,null,null,null
"Nassau County (South Central)--Hempstead Town (Southeast) PUMA, New York",6229,2939,3290,838,293,545,5391,2646,2745,2657,1071,1586,413,174,239,2244,897,1347,3375,1671,1704,425,119,306,2950,1552,1398,197,197,0,0,0,0,197,197,0,null,null,null,null,null,null,null,null,null,null,null,null,null,null,null,null,null,null,null,null
"Nassau County (West Central)--Hempstead Town (West Central) PUMA, New York",9134,4193,4941,642,0,642,8492,4193,4299,4088,1733,2355,218,0,218,3870,1733,2137,4932,2409,2523,424,0,424,4508,2409,2099,114,51,63,0,0,0,114,51,63,null,null,null,null,null,null,null,null,null,null,null,null,null,null,null,null,null,null,null,null
"Nassau County (Southwest)--Hempstead Town (Southwest) & Long Beach City PUMA, New York",6527,3206,3321,1291,506,785,5236,2700,2536,2939,951,1988,7,0,7,2932,951,1981,2605,1546,1059,1010,506,504,1595,1040,555,983,709,274,274,0,274,709,709,0,null,null,null,null,null,null,null,null,null,null,null,null,null,null,null,null,null,null,null,null
"Suffolk County (Northwest)--Huntington Town (North) PUMA, New York",5359,3428,1931,1002,237,765,4357,3191,1166,1749,1245,504,300,69,231,1449,1176,273,2050,715,1335,702,168,534,1348,547,801,1560,1468,92,0,0,0,1560,1468,92,null,null,null,null,null,null,null,null,null,null,null,null,null,null,null,null,null,null,null,null
"Suffolk County (Northwest)--Huntington Town (South) PUMA, New York",4721,2497,2224,387,192,195,4334,2305,2029,1956,1189,767,192,192,0,1764,997,767,2295,975,1320,195,0,195,2100,975,1125,470,333,137,0,0,0,470,333,137,null,null,null,null,null,null,null,null,null,null,null,null,null,null,null,null,null,null,null,null
"Suffolk County (Northwest)--Smithtown Town PUMA, New York",2314,843,1471,510,136,374,1804,707,1097,887,597,290,173,136,37,714,461,253,1181,246,935,91,0,91,1090,246,844,246,0,246,246,0,246,0,0,0,null,null,null,null,null,null,null,null,null,null,null,null,null,null,null,null,null,null,null,null
"Suffolk County (North Central)--Brookhaven Town (North) PUMA, New York",3870,2257,1613,1243,483,760,2627,1774,853,3194,1982,1212,957,483,474,2237,1499,738,676,275,401,286,0,286,390,275,115,0,0,0,0,0,0,0,0,0,null,null,null,null,null,null,null,null,null,null,null,null,null,null,null,null,null,null,null,null
"Suffolk County (East) PUMA, New York",6791,3689,3102,1471,17,1454,5320,3672,1648,1483,794,689,77,0,77,1406,794,612,3981,1981,2000,1353,17,1336,2628,1964,664,1327,914,413,41,0,41,1286,914,372,null,null,null,null,null,null,null,null,null,null,null,null,null,null,null,null,null,null,null,null
"Suffolk County (South Central)--Brookhaven Town (South) PUMA, New York",4134,3225,909,443,120,323,3691,3105,586,975,535,440,229,120,109,746,415,331,2590,2121,469,214,0,214,2376,2121,255,569,569,0,0,0,0,569,569,0,null,null,null,null,null,null,null,null,null,null,null,null,null,null,null,null,null,null,null,null
"Suffolk County (Central)--Brookhaven Town (Central) PUMA, New York",7865,4265,3600,1097,316,781,6768,3949,2819,2859,1115,1744,190,0,190,2669,1115,1554,4444,2588,1856,907,316,591,3537,2272,1265,562,562,0,0,0,0,562,562,0,null,null,null,null,null,null,null,null,null,null,null,null,null,null,null,null,null,null,null,null
"Suffolk County (Central)--Brookhaven Town (West Central) PUMA, New York",4675,2700,1975,1534,1092,442,3141,1608,1533,1764,889,875,130,0,130,1634,889,745,2073,1585,488,1177,1092,85,896,493,403,838,226,612,227,0,227,611,226,385,null,null,null,null,null,null,null,null,null,null,null,null,null,null,null,null,null,null,null,null
"Suffolk County (Central)--Islip Town (East) PUMA, New York",1211,718,493,279,81,198,932,637,295,540,318,222,154,81,73,386,237,149,592,321,271,125,0,125,467,321,146,79,79,0,0,0,0,79,79,0,null,null,null,null,null,null,null,null,null,null,null,null,null,null,null,null,null,null,null,null
"Suffolk County (Central)--Islip Town (Northwest) PUMA, New York",19175,10600,8575,2849,1556,1293,16326,9044,7282,2869,874,1995,572,0,572,2297,874,1423,13391,7686,5705,2086,1556,530,11305,6130,5175,2915,2040,875,191,0,191,2724,2040,684,null,null,null,null,null,null,null,null,null,null,null,null,null,null,null,null,null,null,null,null
"Suffolk County (Southwest)--Islip Town (South) PUMA, New York",3980,2375,1605,279,0,279,3701,2375,1326,1281,890,391,129,0,129,1152,890,262,1654,840,814,150,0,150,1504,840,664,1045,645,400,0,0,0,1045,645,400,null,null,null,null,null,null,null,null,null,null,null,null,null,null,null,null,null,null,null,null
"Suffolk County (Southwest)--Babylon Town (Southeast) PUMA, New York",4641,2473,2168,680,155,525,3961,2318,1643,1457,867,590,0,0,0,1457,867,590,2162,894,1268,615,155,460,1547,739,808,1022,712,310,65,0,65,957,712,245,null,null,null,null,null,null,null,null,null,null,null,null,null,null,null,null,null,null,null,null
"Suffolk County (West Central)--Babylon Town (Northwest) PUMA, New York",9404,4894,4510,2653,1193,1460,6751,3701,3050,2309,774,1535,325,176,149,1984,598,1386,5100,2699,2401,1452,416,1036,3648,2283,1365,1995,1421,574,876,601,275,1119,820,299,null,null,null,null,null,null,null,null,null,null,null,null,null,null,null,null,null,null,null,null
"NYC-Bronx Community District 8--Riverdale, Fieldston & Kingsbridge PUMA; New York",11584,5322,6262,1640,574,1066,9944,4748,5196,5491,2484,3007,413,300,113,5078,2184,2894,4824,2390,2434,928,274,654,3896,2116,1780,1269,448,821,299,0,299,970,448,522,null,null,null,null,null,null,null,null,null,null,null,null,null,null,null,null,null,null,null,null
"NYC-Bronx Community District 12--Wakefield, Williamsbridge & Woodlawn PUMA; New York",6280,3438,2842,1367,246,1121,4913,3192,1721,2277,1056,1221,372,0,372,1905,1056,849,3543,1973,1570,807,109,698,2736,1864,872,460,409,51,188,137,51,272,272,0,null,null,null,null,null,null,null,null,null,null,null,null,null,null,null,null,null,null,null,null
"NYC-Bronx Community District 10--Co-op City, Pelham Bay & Schuylerville PUMA; New York",8801,3786,5015,1582,46,1536,7219,3740,3479,3430,1382,2048,465,0,465,2965,1382,1583,4462,1834,2628,1117,46,1071,3345,1788,1557,909,570,339,0,0,0,909,570,339,null,null,null,null,null,null,null,null,null,null,null,null,null,null,null,null,null,null,null,null
"NYC-Bronx Community District 11--Pelham Parkway, Morris Park & Laconia PUMA; New York",14171,7980,6191,1926,786,1140,12245,7194,5051,4572,2460,2112,556,128,428,4016,2332,1684,8633,4652,3981,1272,658,614,7361,3994,3367,966,868,98,98,0,98,868,868,0,null,null,null,null,null,null,null,null,null,null,null,null,null,null,null,null,null,null,null,null
"NYC-Bronx Community District 3 & 6--Belmont, Crotona Park East & East Tremont PUMA; New York",13926,7100,6826,2512,543,1969,11414,6557,4857,2475,765,1710,354,57,297,2121,708,1413,9242,5176,4066,1152,210,942,8090,4966,3124,2209,1159,1050,1006,276,730,1203,883,320,null,null,null,null,null,null,null,null,null,null,null,null,null,null,null,null,null,null,null,null
"NYC-Bronx Community District 7--Bedford Park, Fordham North & Norwood PUMA; New York",15974,9062,6912,3291,721,2570,12683,8341,4342,4438,3117,1321,719,482,237,3719,2635,1084,8653,4393,4260,1964,239,1725,6689,4154,2535,2883,1552,1331,608,0,608,2275,1552,723,null,null,null,null,null,null,null,null,null,null,null,null,null,null,null,null,null,null,null,null
"NYC-Bronx Community District 5--Morris Heights, Fordham South & Mount Hope PUMA; New York",11771,6514,5257,1632,753,879,10139,5761,4378,2635,1857,778,149,0,149,2486,1857,629,6784,3588,3196,405,359,46,6379,3229,3150,2352,1069,1283,1078,394,684,1274,675,599,null,null,null,null,null,null,null,null,null,null,null,null,null,null,null,null,null,null,null,null
"NYC-Bronx Community District 4--Concourse, Highbridge & Mount Eden PUMA; New York",15691,7847,7844,2729,527,2202,12962,7320,5642,4759,2528,2231,227,85,142,4532,2443,2089,8182,4447,3735,1310,442,868,6872,4005,2867,2750,872,1878,1192,0,1192,1558,872,686,null,null,null,null,null,null,null,null,null,null,null,null,null,null,null,null,null,null,null,null
"NYC-Bronx Community District 9--Castle Hill, Clason Point & Parkchester PUMA; New York",13461,7699,5762,3068,1031,2037,10393,6668,3725,4112,2005,2107,843,280,563,3269,1725,1544,8071,5083,2988,1957,751,1206,6114,4332,1782,1278,611,667,268,0,268,1010,611,399,null,null,null,null,null,null,null,null,null,null,null,null,null,null,null,null,null,null,null,null
"NYC-Bronx Community District 1 & 2--Hunts Point, Longwood & Melrose PUMA; New York",12528,6533,5995,1713,482,1231,10815,6051,4764,2583,986,1597,254,0,254,2329,986,1343,7164,4129,3035,800,232,568,6364,3897,2467,2781,1418,1363,659,250,409,2122,1168,954,null,null,null,null,null,null,null,null,null,null,null,null,null,null,null,null,null,null,null,null
"NYC-Manhattan Community District 12--Washington Heights, Inwood & Marble Hill PUMA; New York",25462,11429,14033,4823,1194,3629,20639,10235,10404,6559,2236,4323,1215,59,1156,5344,2177,3167,14774,6807,7967,2899,886,2013,11875,5921,5954,4129,2386,1743,709,249,460,3420,2137,1283,null,null,null,null,null,null,null,null,null,null,null,null,null,null,null,null,null,null,null,null
"NYC-Manhattan Community District 9--Hamilton Heights, Manhattanville & West Harlem PUMA; New York",13517,6327,7190,1667,475,1192,11850,5852,5998,5638,2904,2734,871,475,396,4767,2429,2338,5169,2364,2805,451,0,451,4718,2364,2354,2710,1059,1651,345,0,345,2365,1059,1306,null,null,null,null,null,null,null,null,null,null,null,null,null,null,null,null,null,null,null,null
"NYC-Manhattan Community District 10--Central Harlem PUMA, New York",8657,4861,3796,2166,1056,1110,6491,3805,2686,5163,2849,2314,877,396,481,4286,2453,1833,2116,785,1331,654,79,575,1462,706,756,1378,1227,151,635,581,54,743,646,97,null,null,null,null,null,null,null,null,null,null,null,null,null,null,null,null,null,null,null,null
"NYC-Manhattan Community District 11--East Harlem PUMA, New York",12230,6002,6228,2373,571,1802,9857,5431,4426,4026,1929,2097,932,249,683,3094,1680,1414,5824,2907,2917,1009,219,790,4815,2688,2127,2380,1166,1214,432,103,329,1948,1063,885,null,null,null,null,null,null,null,null,null,null,null,null,null,null,null,null,null,null,null,null
"NYC-Manhattan Community District 8--Upper East Side PUMA, New York",19521,8675,10846,3083,0,3083,16438,8675,7763,18232,8238,9994,2524,0,2524,15708,8238,7470,1289,437,852,559,0,559,730,437,293,0,0,0,0,0,0,0,0,0,null,null,null,null,null,null,null,null,null,null,null,null,null,null,null,null,null,null,null,null
"NYC-Manhattan Community District 7--Upper West Side & West Side PUMA, New York",14370,6595,7775,2248,908,1340,12122,5687,6435,10550,4844,5706,1511,385,1126,9039,4459,4580,3705,1636,2069,737,523,214,2968,1113,1855,115,115,0,0,0,0,115,115,0,null,null,null,null,null,null,null,null,null,null,null,null,null,null,null,null,null,null,null,null
"NYC-Manhattan Community District 4 & 5--Chelsea, Clinton & Midtown Business District PUMA; New York",15549,8127,7422,1944,476,1468,13605,7651,5954,10929,6121,4808,1510,349,1161,9419,5772,3647,3374,1716,1658,434,127,307,2940,1589,1351,1246,290,956,0,0,0,1246,290,956,null,null,null,null,null,null,null,null,null,null,null,null,null,null,null,null,null,null,null,null
"NYC-Manhattan Community District 6--Murray Hill, Gramercy & Stuyvesant Town PUMA; New York",7331,2137,5194,1055,0,1055,6276,2137,4139,6347,2137,4210,569,0,569,5778,2137,3641,716,0,716,218,0,218,498,0,498,268,0,268,268,0,268,0,0,0,null,null,null,null,null,null,null,null,null,null,null,null,null,null,null,null,null,null,null,null
"NYC-Manhattan Community District 3--Chinatown & Lower East Side PUMA, New York",8951,4557,4394,1484,737,747,7467,3820,3647,5586,2632,2954,598,177,421,4988,2455,2533,2801,1501,1300,841,515,326,1960,986,974,564,424,140,45,45,0,519,379,140,null,null,null,null,null,null,null,null,null,null,null,null,null,null,null,null,null,null,null,null
"NYC-Manhattan Community District 1 & 2--Battery Park City, Greenwich Village & Soho PUMA; New York",15332,8344,6988,924,197,727,14408,8147,6261,13262,7254,6008,460,197,263,12802,7057,5745,1038,181,857,464,0,464,574,181,393,1032,909,123,0,0,0,1032,909,123,null,null,null,null,null,null,null,null,null,null,null,null,null,null,null,null,null,null,null,null
"NYC-Staten Island Community District 3--Tottenville, Great Kills & Annadale PUMA; New York",13374,7942,5432,1408,481,927,11966,7461,4505,6448,3537,2911,357,88,269,6091,3449,2642,6524,4070,2454,994,336,658,5530,3734,1796,402,335,67,57,57,0,345,278,67,null,null,null,null,null,null,null,null,null,null,null,null,null,null,null,null,null,null,null,null
"NYC-Staten Island Community District 2--New Springville & South Beach PUMA, New York",15116,8667,6449,2241,879,1362,12875,7788,5087,6363,3238,3125,806,95,711,5557,3143,2414,7014,4377,2637,794,275,519,6220,4102,2118,1739,1052,687,641,509,132,1098,543,555,null,null,null,null,null,null,null,null,null,null,null,null,null,null,null,null,null,null,null,null
"NYC-Staten Island Community District 1--Port Richmond, Stapleton & Mariner's Harbor PUMA; New York",15378,8937,6441,3132,1648,1484,12246,7289,4957,5597,2968,2629,865,363,502,4732,2605,2127,7206,4114,3092,1224,627,597,5982,3487,2495,2575,1855,720,1043,658,385,1532,1197,335,null,null,null,null,null,null,null,null,null,null,null,null,null,null,null,null,null,null,null,null
"NYC-Brooklyn Community District 1--Greenpoint & Williamsburg PUMA, New York",10298,5738,4560,2434,1064,1370,7864,4674,3190,4907,2259,2648,1505,837,668,3402,1422,1980,4190,2572,1618,812,227,585,3378,2345,1033,1201,907,294,117,0,117,1084,907,177,null,null,null,null,null,null,null,null,null,null,null,null,null,null,null,null,null,null,null,null
"NYC-Brooklyn Community District 4--Bushwick PUMA, New York",8414,5391,3023,2243,883,1360,6171,4508,1663,1666,958,708,798,511,287,868,447,421,5011,3090,1921,1368,372,996,3643,2718,925,1737,1343,394,77,0,77,1660,1343,317,null,null,null,null,null,null,null,null,null,null,null,null,null,null,null,null,null,null,null,null
"NYC-Brooklyn Community District 3--Bedford-Stuyvesant PUMA, New York",5723,3928,1795,1535,717,818,4188,3211,977,2007,1367,640,393,0,393,1614,1367,247,3318,2227,1091,1078,717,361,2240,1510,730,398,334,64,64,0,64,334,334,0,null,null,null,null,null,null,null,null,null,null,null,null,null,null,null,null,null,null,null,null
"NYC-Brooklyn Community District 2--Brooklyn Heights & Fort Greene PUMA, New York",7217,3942,3275,1255,459,796,5962,3483,2479,4705,2212,2493,921,459,462,3784,1753,2031,2207,1730,477,240,0,240,1967,1730,237,305,0,305,94,0,94,211,0,211,null,null,null,null,null,null,null,null,null,null,null,null,null,null,null,null,null,null,null,null
"NYC-Brooklyn Community District 6--Park Slope, Carroll Gardens & Red Hook PUMA; New York",6746,3476,3270,572,44,528,6174,3432,2742,5487,2605,2882,409,0,409,5078,2605,2473,1058,670,388,119,0,119,939,670,269,201,201,0,44,44,0,157,157,0,null,null,null,null,null,null,null,null,null,null,null,null,null,null,null,null,null,null,null,null
"NYC-Brooklyn Community District 8--Crown Heights North & Prospect Heights PUMA, New York",5671,2357,3314,1308,247,1061,4363,2110,2253,1884,682,1202,272,0,272,1612,682,930,2957,1380,1577,743,247,496,2214,1133,1081,830,295,535,293,0,293,537,295,242,null,null,null,null,null,null,null,null,null,null,null,null,null,null,null,null,null,null,null,null
"NYC-Brooklyn Community District 16--Brownsville & Ocean Hill PUMA, New York",4108,2181,1927,816,117,699,3292,2064,1228,824,452,372,53,0,53,771,452,319,1608,730,878,561,29,532,1047,701,346,1676,999,677,202,88,114,1474,911,563,null,null,null,null,null,null,null,null,null,null,null,null,null,null,null,null,null,null,null,null
"NYC-Brooklyn Community District 5--East New York & Starrett City PUMA, New York",11824,6196,5628,1537,889,648,10287,5307,4980,2034,646,1388,205,0,205,1829,646,1183,7259,3484,3775,603,160,443,6656,3324,3332,2531,2066,465,729,729,0,1802,1337,465,null,null,null,null,null,null,null,null,null,null,null,null,null,null,null,null,null,null,null,null
"NYC-Brooklyn Community District 18--Canarsie & Flatlands PUMA, New York",19410,9171,10239,3528,1044,2484,15882,8127,7755,7584,2995,4589,872,363,509,6712,2632,4080,9831,5129,4702,2656,681,1975,7175,4448,2727,1995,1047,948,0,0,0,1995,1047,948,null,null,null,null,null,null,null,null,null,null,null,null,null,null,null,null,null,null,null,null
"NYC-Brooklyn Community District 17--East Flatbush, Farragut & Rugby PUMA; New York",8745,3758,4987,1767,759,1008,6978,2999,3979,1958,385,1573,190,0,190,1768,385,1383,5348,2741,2607,1081,561,520,4267,2180,2087,1439,632,807,496,198,298,943,434,509,null,null,null,null,null,null,null,null,null,null,null,null,null,null,null,null,null,null,null,null
"NYC-Brooklyn Community District 9--Crown Heights South, Prospect Lefferts & Wingate PUMA; New York",6989,3397,3592,818,312,506,6171,3085,3086,2019,485,1534,67,0,67,1952,485,1467,3724,1843,1881,650,211,439,3074,1632,1442,1246,1069,177,101,101,0,1145,968,177,null,null,null,null,null,null,null,null,null,null,null,null,null,null,null,null,null,null,null,null
"NYC-Brooklyn Community District 7--Sunset Park & Windsor Terrace PUMA, New York",19473,11730,7743,3116,1483,1633,16357,10247,6110,7296,4257,3039,887,294,593,6409,3963,2446,8488,5115,3373,1183,796,387,7305,4319,2986,3689,2358,1331,1046,393,653,2643,1965,678,null,null,null,null,null,null,null,null,null,null,null,null,null,null,null,null,null,null,null,null
"NYC-Brooklyn Community District 10--Bay Ridge & Dyker Heights PUMA, New York",18201,10609,7592,3708,1590,2118,14493,9019,5474,9393,5071,4322,1190,472,718,8203,4599,3604,7197,4115,3082,2356,956,1400,4841,3159,1682,1611,1423,188,162,162,0,1449,1261,188,null,null,null,null,null,null,null,null,null,null,null,null,null,null,null,null,null,null,null,null
"NYC-Brooklyn Community District 12--Borough Park, Kensington & Ocean Parkway PUMA; New York",11987,7464,4523,4111,2023,2088,7876,5441,2435,4612,3023,1589,709,403,306,3903,2620,1283,5567,3024,2543,2830,1395,1435,2737,1629,1108,1808,1417,391,572,225,347,1236,1192,44,null,null,null,null,null,null,null,null,null,null,null,null,null,null,null,null,null,null,null,null
"NYC-Brooklyn Community District 14--Flatbush & Midwood PUMA, New York",20968,10919,10049,4162,1838,2324,16806,9081,7725,8303,3166,5137,1694,599,1095,6609,2567,4042,9417,5612,3805,2059,1030,1029,7358,4582,2776,3248,2141,1107,409,209,200,2839,1932,907,null,null,null,null,null,null,null,null,null,null,null,null,null,null,null,null,null,null,null,null
"NYC-Brooklyn Community District 15--Sheepshead Bay, Gerritsen Beach & Homecrest PUMA; New York",23964,12311,11653,3896,1960,1936,20068,10351,9717,13519,6394,7125,1255,643,612,12264,5751,6513,8714,4707,4007,1877,867,1010,6837,3840,2997,1731,1210,521,764,450,314,967,760,207,null,null,null,null,null,null,null,null,null,null,null,null,null,null,null,null,null,null,null,null
"NYC-Brooklyn Community District 11--Bensonhurst & Bath Beach PUMA, New York",29960,15204,14756,3316,1006,2310,26644,14198,12446,16130,7715,8415,1177,391,786,14953,7324,7629,10954,5407,5547,1664,482,1182,9290,4925,4365,2876,2082,794,475,133,342,2401,1949,452,null,null,null,null,null,null,null,null,null,null,null,null,null,null,null,null,null,null,null,null
"NYC-Brooklyn Community District 13--Brighton Beach & Coney Island PUMA, New York",14019,7584,6435,1477,236,1241,12542,7348,5194,6862,3241,3621,315,45,270,6547,3196,3351,5470,2999,2471,913,155,758,4557,2844,1713,1687,1344,343,249,36,213,1438,1308,130,null,null,null,null,null,null,null,null,null,null,null,null,null,null,null,null,null,null,null,null
"NYC-Queens Community District 1--Astoria & Long Island City PUMA, New York",32088,18365,13723,5254,1399,3855,26834,16966,9868,15000,7511,7489,1693,580,1113,13307,6931,6376,13829,8690,5139,2979,719,2260,10850,7971,2879,3259,2164,1095,582,100,482,2677,2064,613,null,null,null,null,null,null,null,null,null,null,null,null,null,null,null,null,null,null,null,null
"NYC-Queens Community District 3--Jackson Heights & North Corona PUMA, New York",34719,21098,13621,5361,1389,3972,29358,19709,9649,8850,5146,3704,836,42,794,8014,5104,2910,17630,9859,7771,3706,940,2766,13924,8919,5005,8239,6093,2146,819,407,412,7420,5686,1734,null,null,null,null,null,null,null,null,null,null,null,null,null,null,null,null,null,null,null,null
"NYC-Queens Community District 7--Flushing, Murray Hill & Whitestone PUMA; New York",36697,20378,16319,4765,1593,3172,31932,18785,13147,13575,7452,6123,1226,229,997,12349,7223,5126,20149,11257,8892,3120,1322,1798,17029,9935,7094,2973,1669,1304,419,42,377,2554,1627,927,null,null,null,null,null,null,null,null,null,null,null,null,null,null,null,null,null,null,null,null
"NYC-Queens Community District 11--Bayside, Douglaston & Little Neck PUMA; New York",19021,9713,9308,2347,818,1529,16674,8895,7779,10189,4891,5298,1141,356,785,9048,4535,4513,7452,3915,3537,1100,462,638,6352,3453,2899,1380,907,473,106,0,106,1274,907,367,null,null,null,null,null,null,null,null,null,null,null,null,null,null,null,null,null,null,null,null
"NYC-Queens Community District 13--Queens Village, Cambria Heights & Rosedale PUMA; New York",21987,13160,8827,2380,1079,1301,19607,12081,7526,7586,4190,3396,461,157,304,7125,4033,3092,12511,7644,4867,1631,742,889,10880,6902,3978,1890,1326,564,288,180,108,1602,1146,456,null,null,null,null,null,null,null,null,null,null,null,null,null,null,null,null,null,null,null,null
"NYC-Queens Community District 8--Briarwood, Fresh Meadows & Hillcrest PUMA; New York",25300,12718,12582,4040,1863,2177,21260,10855,10405,11238,6079,5159,1274,640,634,9964,5439,4525,12386,5566,6820,2034,819,1215,10352,4747,5605,1676,1073,603,732,404,328,944,669,275,null,null,null,null,null,null,null,null,null,null,null,null,null,null,null,null,null,null,null,null
"NYC-Queens Community District 4--Elmhurst & South Corona PUMA, New York",36688,24236,12452,4475,1925,2550,32213,22311,9902,13824,9596,4228,1541,948,593,12283,8648,3635,18600,11537,7063,2499,747,1752,16101,10790,5311,4264,3103,1161,435,230,205,3829,2873,956,null,null,null,null,null,null,null,null,null,null,null,null,null,null,null,null,null,null,null,null
"NYC-Queens Community District 6--Forest Hills & Rego Park PUMA, New York",22060,10562,11498,3767,716,3051,18293,9846,8447,13114,5912,7202,1626,327,1299,11488,5585,5903,7909,4037,3872,1959,389,1570,5950,3648,2302,1037,613,424,182,0,182,855,613,242,null,null,null,null,null,null,null,null,null,null,null,null,null,null,null,null,null,null,null,null
"NYC-Queens Community District 2--Sunnyside & Woodside PUMA, New York",30810,19097,11713,5054,2183,2871,25756,16914,8842,14130,8320,5810,1843,755,1088,12287,7565,4722,12957,8169,4788,2852,1290,1562,10105,6879,3226,3723,2608,1115,359,138,221,3364,2470,894,null,null,null,null,null,null,null,null,null,null,null,null,null,null,null,null,null,null,null,null
"NYC-Queens Community District 5--Ridgewood, Glendale & Middle Village PUMA; New York",25124,13456,11668,3437,1037,2400,21687,12419,9268,8193,3311,4882,679,445,234,7514,2866,4648,14523,8679,5844,2297,503,1794,12226,8176,4050,2408,1466,942,461,89,372,1947,1377,570,null,null,null,null,null,null,null,null,null,null,null,null,null,null,null,null,null,null,null,null
"NYC-Queens Community District 9--Richmond Hill & Woodhaven PUMA, New York",26344,14901,11443,4470,1166,3304,21874,13735,8139,7723,4102,3621,1646,405,1241,6077,3697,2380,15521,8479,7042,2566,545,2021,12955,7934,5021,3100,2320,780,258,216,42,2842,2104,738,null,null,null,null,null,null,null,null,null,null,null,null,null,null,null,null,null,null,null,null
"NYC-Queens Community District 12--Jamaica, Hollis & St. Albans PUMA; New York",16325,9906,6419,2675,1721,954,13650,8185,5465,5757,3420,2337,726,441,285,5031,2979,2052,7666,4718,2948,1637,968,669,6029,3750,2279,2902,1768,1134,312,312,0,2590,1456,1134,null,null,null,null,null,null,null,null,null,null,null,null,null,null,null,null,null,null,null,null
"NYC-Queens Community District 10--Howard Beach & Ozone Park PUMA, New York",10677,6250,4427,1520,528,992,9157,5722,3435,4395,2615,1780,500,227,273,3895,2388,1507,5349,2790,2559,933,214,719,4416,2576,1840,933,845,88,87,87,0,846,758,88,null,null,null,null,null,null,null,null,null,null,null,null,null,null,null,null,null,null,null,null
"NYC-Queens Community District 14--Far Rockaway, Breezy Point & Broad Channel PUMA; New York",4903,2633,2270,1304,583,721,3599,2050,1549,2201,965,1236,181,0,181,2020,965,1055,2027,1170,857,1123,583,540,904,587,317,675,498,177,0,0,0,675,498,177,null,null,null,null,null,null,null,null,null,null,null,null,null,null,null,null,null,null,null,null
null,null,null,null,null,null,null,null,null,null,null,null,null,null,null,null,null,null,null,null,null,null,null,null,null,null,null,null,null,null,null,null,null,null,null,null,null,null,null,null,null,null,null,null,null,null,null,null,null,null,null,null,null,null,null,null,null
null,null,null,null,null,null,null,null,null,null,null,null,null,null,null,null,null,null,null,null,null,null,null,null,null,null,null,null,null,null,null,null,null,null,null,null,null,null,null,null,null,null,null,null,null,null,null,null,null,null,null,null,null,null,null,null,null
null,null,null,null,null,null,null,null,null,null,null,null,null,null,null,null,null,null,null,null,null,null,null,null,null,null,null,null,null,null,null,null,null,null,null,null,null,null,null,null,null,null,null,null,null,null,null,null,null,null,null,null,null,null,null,null,null
null,null,null,null,null,null,null,null,null,null,null,null,null,null,null,null,null,null,null,null,null,null,null,null,null,null,null,null,null,null,null,null,null,null,null,null,null,null,null,null,null,null,null,null,null,null,null,null,null,null,null,null,null,null,null,null,null
null,null,null,null,null,null,null,null,null,null,null,null,null,null,null,null,null,null,null,null,null,null,null,null,null,null,null,null,null,null,null,null,null,null,null,null,null,null,null,null,null,null,null,null,null,null,null,null,null,null,null,null,null,null,null,null,null
null,null,null,null,null,null,null,null,null,null,null,null,null,null,null,null,null,null,null,null,null,null,null,null,null,null,null,null,null,null,null,null,null,null,null,null,null,null,null,null,null,null,null,null,null,null,null,null,null,null,null,null,null,null,null,null,null
null,null,null,null,null,null,null,null,null,null,null,null,null,null,null,null,null,null,null,null,null,null,null,null,null,null,null,null,null,null,null,null,null,null,null,null,null,null,null,null,null,null,null,null,null,null,null,null,null,null,null,null,null,null,null,null,null
null,null,null,null,null,null,null,null,null,null,null,null,null,null,null,null,null,null,null,null,null,null,null,null,null,null,null,null,null,null,null,null,null,null,null,null,null,null,null,null,null,null,null,null,null,null,null,null,null,null,null,null,null,null,null,null,null
null,null,null,null,null,null,null,null,null,null,null,null,null,null,null,null,null,null,null,null,null,null,null,null,null,null,null,null,null,null,null,null,null,null,null,null,null,null,null,null,null,null,null,null,null,null,null,null,null,null,null,null,null,null,null,null,null
null,null,null,null,null,null,null,null,null,null,null,null,null,null,null,null,null,null,null,null,null,null,null,null,null,null,null,null,null,null,null,null,null,null,null,null,null,null,null,null,null,null,null,null,null,null,null,null,null,null,null,null,null,null,null,null,null
null,null,null,null,null,null,null,null,null,null,null,null,null,null,null,null,null,null,null,null,null,null,null,null,null,null,null,null,null,null,null,null,null,null,null,null,null,null,null,null,null,null,null,null,null,null,null,null,null,null,null,null,null,null,null,null,null
null,null,null,null,null,null,null,null,null,null,null,null,null,null,null,null,null,null,null,null,null,null,null,null,null,null,null,null,null,null,null,null,null,null,null,null,null,null,null,null,null,null,null,null,null,null,null,null,null,null,null,null,null,null,null,null,null
null,null,null,null,null,null,null,null,null,null,null,null,null,null,null,null,null,null,null,null,null,null,null,null,null,null,null,null,null,null,null,null,null,null,null,null,null,null,null,null,null,null,null,null,null,null,null,null,null,null,null,null,null,null,null,null,null
null,null,null,null,null,null,null,null,null,null,null,null,null,null,null,null,null,null,null,null,null,null,null,null,null,null,null,null,null,null,null,null,null,null,null,null,null,null,null,null,null,null,null,null,null,null,null,null,null,null,null,null,null,null,null,null,null
null,null,null,null,null,null,null,null,null,null,null,null,null,null,null,null,null,null,null,null,null,null,null,null,null,null,null,null,null,null,null,null,null,null,null,null,null,null,null,null,null,null,null,null,null,null,null,null,null,null,null,null,null,null,null,null,null
null,null,null,null,null,null,null,null,null,null,null,null,null,null,null,null,null,null,null,null,null,null,null,null,null,null,null,null,null,null,null,null,null,null,null,null,null,null,null,null,null,null,null,null,null,null,null,null,null,null,null,null,null,null,null,null,null
null,null,null,null,null,null,null,null,null,null,null,null,null,null,null,null,null,null,null,null,null,null,null,null,null,null,null,null,null,null,null,null,null,null,null,null,null,null,null,null,null,null,null,null,null,null,null,null,null,null,null,null,null,null,null,null,null
null,null,null,null,null,null,null,null,null,null,null,null,null,null,null,null,null,null,null,null,null,null,null,null,null,null,null,null,null,null,null,null,null,null,null,null,null,null,null,null,null,null,null,null,null,null,null,null,null,null,null,null,null,null,null,null,null
null,null,null,null,null,null,null,null,null,null,null,null,null,null,null,null,null,null,null,null,null,null,null,null,null,null,null,null,null,null,null,null,null,null,null,null,null,null,null,null,null,null,null,null,null,null,null,null,null,null,null,null,null,null,null,null,null
null,null,null,null,null,null,null,null,null,null,null,null,null,null,null,null,null,null,null,null,null,null,null,null,null,null,null,null,null,null,null,null,null,null,null,null,null,null,null,null,null,null,null,null,null,null,null,null,null,null,null,null,null,null,null,null,null
null,null,null,null,null,null,null,null,null,null,null,null,null,null,null,null,null,null,null,null,null,null,null,null,null,null,null,null,null,null,null,null,null,null,null,null,null,null,null,null,null,null,null,null,null,null,null,null,null,null,null,null,null,null,null,null,null
null,null,null,null,null,null,null,null,null,null,null,null,null,null,null,null,null,null,null,null,null,null,null,null,null,null,null,null,null,null,null,null,null,null,null,null,null,null,null,null,null,null,null,null,null,null,null,null,null,null,null,null,null,null,null,null,null
null,null,null,null,null,null,null,null,null,null,null,null,null,null,null,null,null,null,null,null,null,null,null,null,null,null,null,null,null,null,null,null,null,null,null,null,null,null,null,null,null,null,null,null,null,null,null,null,null,null,null,null,null,null,null,null,null
null,null,null,null,null,null,null,null,null,null,null,null,null,null,null,null,null,null,null,null,null,null,null,null,null,null,null,null,null,null,null,null,null,null,null,null,null,null,null,null,null,null,null,null,null,null,null,null,null,null,null,null,null,null,null,null,null
null,null,null,null,null,null,null,null,null,null,null,null,null,null,null,null,null,null,null,null,null,null,null,null,null,null,null,null,null,null,null,null,null,null,null,null,null,null,null,null,null,null,null,null,null,null,null,null,null,null,null,null,null,null,null,null,null
null,null,null,null,null,null,null,null,null,null,null,null,null,null,null,null,null,null,null,null,null,null,null,null,null,null,null,null,null,null,null,null,null,null,null,null,null,null,null,null,null,null,null,null,null,null,null,null,null,null,null,null,null,null,null,null,null
null,null,null,null,null,null,null,null,null,null,null,null,null,null,null,null,null,null,null,null,null,null,null,null,null,null,null,null,null,null,null,null,null,null,null,null,null,null,null,null,null,null,null,null,null,null,null,null,null,null,null,null,null,null,null,null,null
null,null,null,null,null,null,null,null,null,null,null,null,null,null,null,null,null,null,null,null,null,null,null,null,null,null,null,null,null,null,null,null,null,null,null,null,null,null,null,null,null,null,null,null,null,null,null,null,null,null,null,null,null,null,null,null,null
null,null,null,null,null,null,null,null,null,null,null,null,null,null,null,null,null,null,null,null,null,null,null,null,null,null,null,null,null,null,null,null,null,null,null,null,null,null,null,null,null,null,null,null,null,null,null,null,null,null,null,null,null,null,null,null,null
null,null,null,null,null,null,null,null,null,null,null,null,null,null,null,null,null,null,null,null,null,null,null,null,null,null,null,null,null,null,null,null,null,null,null,null,null,null,null,null,null,null,null,null,null,null,null,null,null,null,null,null,null,null,null,null,null
null,null,null,null,null,null,null,null,null,null,null,null,null,null,null,null,null,null,null,null,null,null,null,null,null,null,null,null,null,null,null,null,null,null,null,null,null,null,null,null,null,null,null,null,null,null,null,null,null,null,null,null,null,null,null,null,null
null,null,null,null,null,null,null,null,null,null,null,null,null,null,null,null,null,null,null,null,null,null,null,null,null,null,null,null,null,null,null,null,null,null,null,null,null,null,null,null,null,null,null,null,null,null,null,null,null,null,null,null,null,null,null,null,null
null,null,null,null,null,null,null,null,null,null,null,null,null,null,null,null,null,null,null,null,null,null,null,null,null,null,null,null,null,null,null,null,null,null,null,null,null,null,null,null,null,null,null,null,null,null,null,null,null,null,null,null,null,null,null,null,null
null,null,null,null,null,null,null,null,null,null,null,null,null,null,null,null,null,null,null,null,null,null,null,null,null,null,null,null,null,null,null,null,null,null,null,null,null,null,null,null,null,null,null,null,null,null,null,null,null,null,null,null,null,null,null,null,null
null,null,null,null,null,null,null,null,null,null,null,null,null,null,null,null,null,null,null,null,null,null,null,null,null,null,null,null,null,null,null,null,null,null,null,null,null,null,null,null,null,null,null,null,null,null,null,null,null,null,null,null,null,null,null,null,null
null,null,null,null,null,null,null,null,null,null,null,null,null,null,null,null,null,null,null,null,null,null,null,null,null,null,null,null,null,null,null,null,null,null,null,null,null,null,null,null,null,null,null,null,null,null,null,null,null,null,null,null,null,null,null,null,null
null,null,null,null,null,null,null,null,null,null,null,null,null,null,null,null,null,null,null,null,null,null,null,null,null,null,null,null,null,null,null,null,null,null,null,null,null,null,null,null,null,null,null,null,null,null,null,null,null,null,null,null,null,null,null,null,null
null,null,null,null,null,null,null,null,null,null,null,null,null,null,null,null,null,null,null,null,null,null,null,null,null,null,null,null,null,null,null,null,null,null,null,null,null,null,null,null,null,null,null,null,null,null,null,null,null,null,null,null,null,null,null,null,null
null,null,null,null,null,null,null,null,null,null,null,null,null,null,null,null,null,null,null,null,null,null,null,null,null,null,null,null,null,null,null,null,null,null,null,null,null,null,null,null,null,null,null,null,null,null,null,null,null,null,null,null,null,null,null,null,null
